{"cameraMode":{"drawMode":0,"name":"Shaded","section":"Shading Mode"},"sceneLighting":true,"audioPlay":false,"sceneViewState":{"m_AlwaysRefresh":false,"showFog":true,"showSkybox":true,"showFlares":true,"showImageEffects":true,"showParticleSystems":true,"showVisualEffectGraphs":true,"m_FxEnabled":true},"in2DMode":false,"pivot":{"x":2.0429677963256838,"y":-1.1182599067687989,"z":8.620880126953125},"rotation":{"x":0.25740233063697817,"y":0.05823354423046112,"z":-0.015542040579020977,"w":0.9644594192504883},"size":5.918508529663086,"orthographic":false}