{"cameraMode":{"drawMode":0,"name":"Shaded","section":"Shading Mode"},"sceneLighting":true,"audioPlay":false,"sceneViewState":{"m_AlwaysRefresh":false,"showFog":true,"showSkybox":true,"showFlares":true,"showImageEffects":true,"showParticleSystems":true,"showVisualEffectGraphs":true,"m_FxEnabled":true},"in2DMode":false,"pivot":{"x":10.470475196838379,"y":-2.4732465744018556,"z":10.455028533935547},"rotation":{"x":0.1280907541513443,"y":0.5212000012397766,"z":-0.07946447283029556,"w":0.8400608897209168},"size":8.879472732543946,"orthographic":false}